{
    "accuracy": 0.73724,
    "f1": 0.7443073449846249,
    "train_loss": 0.5650565833966927,
    "val_loss": 0.5207287389249466,
    "train_steps": 562,
    "target_epochs": 0.2
}